id,name,slug,description,created_at
82ca4f05-ac7f-4ae6-9b97-29a5cf69ef6e,Aksesoris Kamera Baterai Charger,aksesoris-kamera-baterai-charger,,2026-03-15T02:55:17.000Z
176e78f7-301d-4691-b5be-dd135479a4b9,Aksesoris Kamera Case,aksesoris-kamera-case,,2026-03-15T02:55:17.000Z
702605e9-2230-4dfd-b096-dff3fd4a93b6,Aksesoris Kamera Cleaning,aksesoris-kamera-cleaning,,2026-03-15T02:55:17.000Z
5c501faf-dc0d-4326-a0c1-88196bbd5f58,Aksesoris Kamera Dry Box,aksesoris-kamera-dry-box,,2026-03-15T02:55:17.000Z
8934adea-3e5b-47df-882c-66677204ae5f,Aksesoris Kamera Microphone,aksesoris-kamera-microphone,,2026-03-15T02:55:17.000Z
9e83c3f3-144f-4a42-bdea-c58239745879,Aksesoris Kamera Stabilizer,aksesoris-kamera-stabilizer,,2026-03-15T02:55:17.000Z
3b6cf799-fc16-415d-8bf1-c12a8c4929c7,Aksesoris Kamera Strap,aksesoris-kamera-strap,,2026-03-15T02:55:17.000Z
5dfee03c-632a-4a79-83ea-ff3495e0253f,Aksesoris Kamera Tas,aksesoris-kamera-tas,,2026-03-15T02:55:17.000Z
ae9ef84a-67cb-4d62-85e3-b8ca664f3b3f,Aksesoris Kamera Tripod,aksesoris-kamera-tripod,,2026-03-15T02:55:17.000Z
06f96b5e-12ad-4dad-bab6-e2cf071afded,Al Quran,al-quran,,2026-03-15T02:55:17.000Z
9b1dd72a-dbbb-4bce-bd1b-9b0d55f1a279,Alkitab,alkitab,,2026-03-15T02:55:17.000Z
8aaf135e-9aab-49f4-ac83-3a99d131ae55,Audio Amplifier,audio-amplifier,,2026-03-15T02:55:17.000Z
c966772c-49f3-496f-b1b8-0759d953d105,Audio Earphone,audio-earphone,,2026-03-15T02:55:17.000Z
fd84fcd9-340c-4b5a-b12d-381c791ae1dd,Audio Headphone,audio-headphone,,2026-03-15T02:55:17.000Z
8748805b-0ade-4b38-984f-843563d385b4,Audio Speaker,audio-speaker,,2026-03-15T02:55:17.000Z
2df0d2a4-ef45-43a8-bf4e-4b59b6caab26,Audio Tws,audio-tws,,2026-03-15T02:55:17.000Z
90a6803a-f16c-4c50-a9d6-43933c022018,Audio Voice Recorder,audio-voice-recorder,,2026-03-15T02:55:17.000Z
8dbf5e97-717f-42c2-8718-25649d4f3bcb,Buku Agama Islam,buku-agama-islam,,2026-03-15T02:55:17.000Z
c7d803bf-3cdc-4b14-96b0-dc8f0318fc47,Buku Aktivitas,buku-aktivitas,,2026-03-15T02:55:17.000Z
27b1173f-0c17-4462-9980-6444354d89c2,Buku Biografi,buku-biografi,,2026-03-15T02:55:17.000Z
437ecb6a-57b5-4b8f-a1e6-083b414e3d59,Buku Bisnis,buku-bisnis,,2026-03-15T02:55:17.000Z
62e38cf5-3a5d-47d7-8c2f-c3aa32bae6a1,Buku Cerita Anak,buku-cerita-anak,,2026-03-15T02:55:17.000Z
af3037db-1dfd-4f7a-8675-1b230553b7b4,Buku Database,buku-database,,2026-03-15T02:55:17.000Z
cd541c23-18f4-464e-89f7-3ccbe06fb981,Buku Design Graphics,buku-design-graphics,,2026-03-15T02:55:17.000Z
64123ab9-d28e-4550-8e8b-375569d1be68,Buku Diet,buku-diet,,2026-03-15T02:55:17.000Z
2ff6bc21-4bae-4ec7-b5a1-8ee087a3c91f,Buku Dongeng,buku-dongeng,,2026-03-15T02:55:17.000Z
2a78e91f-600e-438e-9184-3ec35eb4f36a,Buku Ekonomi,buku-ekonomi,,2026-03-15T02:55:17.000Z
5d7f5b3b-5a71-484f-b6a4-6ffcc41d1695,Buku Ensiklopedia,buku-ensiklopedia,,2026-03-15T02:55:17.000Z
d2bebfc6-7b9c-4301-bd9a-f695895d0585,Buku Fotografi,buku-fotografi,,2026-03-15T02:55:17.000Z
a847aab0-a4f7-4585-bac7-cb29491ceef5,Buku Kesehatan Anak,buku-kesehatan-anak,,2026-03-15T02:55:17.000Z
de2f1a7f-6860-41c8-88d8-eedafc35ba9a,Buku Kesuksesan,buku-kesuksesan,,2026-03-15T02:55:17.000Z
75494ee5-bbc3-4255-aaa0-e0f55d49367e,Buku Latihan Kebugaran,buku-latihan-kebugaran,,2026-03-15T02:55:17.000Z
b4b73896-8706-41d2-b5bc-f43c1dcba077,Buku Leadership,buku-leadership,,2026-03-15T02:55:17.000Z
97b1ff02-34d7-462a-a13d-70da50e4a656,Buku Manajemen,buku-manajemen,,2026-03-15T02:55:17.000Z
294d0b4e-f3d6-4660-a793-df61fef08d03,Buku Mewarnai,buku-mewarnai,,2026-03-15T02:55:17.000Z
551ed101-70db-4d39-8130-1557a2ab8a46,Buku Programming,buku-programming,,2026-03-15T02:55:17.000Z
eb89d2f8-68f5-465f-9070-5883ac1db2f0,Buku Resep Kue,buku-resep-kue,,2026-03-15T02:55:17.000Z
64a760ac-ebaa-45aa-939f-283822cc4c25,Buku Resep Masakan,buku-resep-masakan,,2026-03-15T02:55:17.000Z
56920547-30ac-4d9f-9f08-a14188da172c,Buku Resep Minuman,buku-resep-minuman,,2026-03-15T02:55:17.000Z
d0fdcdf7-bb7f-4a36-8b2d-6a210869264e,Buku Sd Kelas 1,buku-sd-kelas-1,,2026-03-15T02:55:17.000Z
e03c53c4-6c00-4d0c-8fc6-405fb8470e11,Buku Sd Kelas 4,buku-sd-kelas-4,,2026-03-15T02:55:17.000Z
b8b00d9d-203d-4d71-8a15-632ad46f931f,Buku Sejarah,buku-sejarah,,2026-03-15T02:55:17.000Z
ce1db8e3-1239-4869-bb6f-f2902402cf45,Buku Self Improvement,buku-self-improvement,,2026-03-15T02:55:17.000Z
c918cc23-6860-4c56-8183-4bf8ee7e34a4,Buku Sma Kelas 1,buku-sma-kelas-1,,2026-03-15T02:55:17.000Z
0b544ba4-3a68-4c3d-addf-31346648e41f,Buku Sma Kelas 2,buku-sma-kelas-2,,2026-03-15T02:55:17.000Z
712cf146-bea6-4b27-b865-1888a8a3d5ed,Buku Smp Kelas 1,buku-smp-kelas-1,,2026-03-15T02:55:17.000Z
3cefaf7d-b45e-4d88-a0b8-150bfe7fd6c5,Dapur Botol Minum,dapur-botol-minum,,2026-03-15T02:55:17.000Z
4b05cc3b-1ee9-41b2-955c-d364690aa0d7,Dapur Cetakan Kue,dapur-cetakan-kue,,2026-03-15T02:55:17.000Z
5deb4c38-458c-4132-82c0-4c134543c0b3,Dapur Coffee Maker,dapur-coffee-maker,,2026-03-15T02:55:17.000Z
803cdef2-dedc-4301-8d75-adc5a2d5637f,Dapur Deep Fryer,dapur-deep-fryer,,2026-03-15T02:55:17.000Z
3a6915a1-0d06-4693-a123-1144581095a7,Dapur Gelas Mug,dapur-gelas-mug,,2026-03-15T02:55:17.000Z
fe0cd6e9-47de-4fd9-bd75-31be19fc8bb6,Dapur Gunting,dapur-gunting,,2026-03-15T02:55:17.000Z
651c55de-09f3-4669-8a38-8c6a230e875e,Dapur Kompor,dapur-kompor,,2026-03-15T02:55:17.000Z
ca6b2522-d72e-4b2e-a3d1-eb5756b84cf0,Dapur Kotak Makan,dapur-kotak-makan,,2026-03-15T02:55:17.000Z
518e137e-397a-4b4e-87fd-2b4dff08d79a,Dapur Loyang,dapur-loyang,,2026-03-15T02:55:17.000Z
6c738131-17d9-4aaf-bb35-89e78c21afc6,Dapur Mangkok,dapur-mangkok,,2026-03-15T02:55:17.000Z
805022aa-7d64-44f9-a2b8-afe375e03cea,Dapur Panci,dapur-panci,,2026-03-15T02:55:17.000Z
e4020739-ca58-4b7e-a964-7a910e921200,Dapur Parutan,dapur-parutan,,2026-03-15T02:55:17.000Z
bfaef920-c61f-49be-938a-8035f52216b6,Dapur Peeler,dapur-peeler,,2026-03-15T02:55:17.000Z
be074154-3229-401c-94cc-24b0536ebbf8,Dapur Piring,dapur-piring,,2026-03-15T02:55:17.000Z
2867fed1-78ee-4494-884d-33d9183baf9b,Dapur Pisau,dapur-pisau,,2026-03-15T02:55:17.000Z
a292e5e4-e474-4a0e-bdd7-fa03d641c8bd,Dapur Rak,dapur-rak,,2026-03-15T02:55:17.000Z
549e0d2d-1e2f-4d5c-a47e-f58e9a551ab4,Dapur Sendok Garpu,dapur-sendok-garpu,,2026-03-15T02:55:17.000Z
56b6f216-e5a5-4f00-b7e1-758f8caa33d9,Dapur Spatula,dapur-spatula,,2026-03-15T02:55:17.000Z
7f251f95-706e-4d5a-b1d2-621a14962ae9,Dapur Talenan,dapur-talenan,,2026-03-15T02:55:17.000Z
61d6ffdd-05ad-4355-938a-20106439c02a,Dapur Termos,dapur-termos,,2026-03-15T02:55:17.000Z
ab4bd6ed-31a3-48c7-92af-22ca1c790971,Dapur Toples,dapur-toples,,2026-03-15T02:55:17.000Z
d0864324-931d-4bb8-a7cf-26ee9a76c1b9,Dapur Wajan,dapur-wajan,,2026-03-15T02:55:17.000Z
4f0184c1-9b0d-48b3-b619-03b263b0e0da,Drone Kamera,drone-kamera,,2026-03-15T02:55:17.000Z
5e05a3e9-04ce-4ecd-b7a2-7cd3386ea056,Elektronik Ac,elektronik-ac,,2026-03-15T02:55:17.000Z
e2bf87ea-47ec-437b-8fb0-2d855bc84fbb,Elektronik Ac Portable,elektronik-ac-portable,,2026-03-15T02:55:17.000Z
36c7ba8c-cdd2-4b82-be7c-f36dcd83caae,Elektronik Air Cooler,elektronik-air-cooler,,2026-03-15T02:55:17.000Z
23c788a6-9344-4ba0-8874-94dadbc3b745,Elektronik Air Fryer,elektronik-air-fryer,,2026-03-15T02:55:17.000Z
6b8d0b74-04da-4196-b2f6-007d56362b1a,Elektronik Air Purifier,elektronik-air-purifier,,2026-03-15T02:55:17.000Z
e0eaa328-3b91-4ed8-bab4-5770fd56963c,Elektronik Blender,elektronik-blender,,2026-03-15T02:55:17.000Z
c67a0bfa-5fc3-4dc3-85e6-db3202dbb7e9,Elektronik Dispenser,elektronik-dispenser,,2026-03-15T02:55:17.000Z
c9328f17-4626-44da-892e-2e84e09c8cf7,Elektronik Juicer,elektronik-juicer,,2026-03-15T02:55:17.000Z
03d13336-bc31-44dd-adc2-71afc62be346,Elektronik Kipas,elektronik-kipas,,2026-03-15T02:55:17.000Z
18f02e1b-444c-4c33-813b-34e75dd1a52e,Elektronik Kulkas,elektronik-kulkas,,2026-03-15T02:55:17.000Z
628d909e-a215-41e9-bdaa-853b1621989f,Elektronik Mesin Cuci,elektronik-mesin-cuci,,2026-03-15T02:55:17.000Z
39421f8d-c9df-414f-95f5-8d9169c8c204,Elektronik Microwave,elektronik-microwave,,2026-03-15T02:55:17.000Z
e628b632-d2cc-4237-b0b7-0d35f213c508,Elektronik Mixer,elektronik-mixer,,2026-03-15T02:55:17.000Z
0204fe44-cac3-458a-b34a-cbede1f7c19a,Elektronik Oven,elektronik-oven,,2026-03-15T02:55:17.000Z
0119680a-4644-4c19-bb07-5de5c0e3bb98,Elektronik Rice Cooker,elektronik-rice-cooker,,2026-03-15T02:55:17.000Z
5e4d8ec1-b7f6-4ba2-b56c-d996a9cf7ed9,Elektronik Teko,elektronik-teko,,2026-03-15T02:55:17.000Z
750cd138-a5f9-4cfb-9cfd-02a0f8487605,Elektronik Toaster,elektronik-toaster,,2026-03-15T02:55:17.000Z
0ef149f6-ef26-4d10-ba19-c49120c4b063,Fashion Anak Laki Baju Tidur,fashion-anak-laki-baju-tidur,,2026-03-15T02:55:17.000Z
cf242568-36ab-4570-9024-914504baa29e,Fashion Anak Laki Celana Panjang,fashion-anak-laki-celana-panjang,,2026-03-15T02:55:17.000Z
4149bb82-4efe-41d7-9ac8-363a6134300b,Fashion Anak Laki Celana Pendek,fashion-anak-laki-celana-pendek,,2026-03-15T02:55:17.000Z
9ef5b8a0-607c-4308-b77d-c5991e249771,Fashion Anak Laki Hoodie,fashion-anak-laki-hoodie,,2026-03-15T02:55:17.000Z
faaaf6ff-aa5a-4a82-8e84-dbab7baec884,Fashion Anak Laki Jaket,fashion-anak-laki-jaket,,2026-03-15T02:55:17.000Z
e1de592d-a00e-4f4b-818d-9eda6bd37703,Fashion Anak Laki Sepatu Sandal,fashion-anak-laki-sepatu-sandal,,2026-03-15T02:55:17.000Z
60c1c939-0598-4c6e-9389-320f2c434184,Fashion Anak Laki Sepatu Sneakers,fashion-anak-laki-sepatu-sneakers,,2026-03-15T02:55:17.000Z
4edc5b95-1830-4b1a-ae96-606296ac19d4,Fashion Anak Laki Setelan,fashion-anak-laki-setelan,,2026-03-15T02:55:17.000Z
0ab7b08e-5406-4d16-a8aa-ea330576e91e,Fashion Anak Perempuan Blouse,fashion-anak-perempuan-blouse,,2026-03-15T02:55:17.000Z
11e2f937-17d2-446d-a1b1-28cbbc5da135,Fashion Anak Perempuan Dress,fashion-anak-perempuan-dress,,2026-03-15T02:55:17.000Z
ad14d8ea-5822-4b6d-9e67-c54a0b3a1a0b,Fashion Anak Perempuan Rok,fashion-anak-perempuan-rok,,2026-03-15T02:55:17.000Z
3871779f-9455-4652-b38f-1bbc2d698329,Fashion Anak Perempuan Sandal,fashion-anak-perempuan-sandal,,2026-03-15T02:55:17.000Z
a00ca366-f8ad-405c-911d-622eae395cad,Fashion Anak Perempuan Setelan,fashion-anak-perempuan-setelan,,2026-03-15T02:55:17.000Z
4573760f-6dfb-41ca-b809-a7b272668589,Fashion Anak Perempuan Sneakers,fashion-anak-perempuan-sneakers,,2026-03-15T02:55:17.000Z
e28455e4-e377-4a3d-b484-068a2115ad06,Fashion Anak Tas Ransel,fashion-anak-tas-ransel,,2026-03-15T02:55:17.000Z
e737d597-4a10-42eb-b776-8771512518ad,Fashion Bayi Jumper,fashion-bayi-jumper,,2026-03-15T02:55:17.000Z
bda29ecf-5991-4370-97a8-51b9107b6d64,Fashion Bayi Pakaian Laki,fashion-bayi-pakaian-laki,,2026-03-15T02:55:17.000Z
9a97378c-8f1b-4531-b781-a5d936d1d13f,Fashion Muslim Abaya,fashion-muslim-abaya,,2026-03-15T02:55:17.000Z
c604d493-ab3e-4a6c-86db-9501eac870e7,Fashion Muslim Baju Koko,fashion-muslim-baju-koko,,2026-03-15T02:55:17.000Z
cb0a963b-036b-4ecd-bff4-f4d9596b519e,Fashion Muslim Celana,fashion-muslim-celana,,2026-03-15T02:55:17.000Z
2ffa805a-d8ec-4522-92e3-d31d1922d7a5,Fashion Muslim Gamis,fashion-muslim-gamis,,2026-03-15T02:55:17.000Z
328a7c2d-657f-43cd-84dd-b73b424aaa74,Fashion Muslim Hijab Instan,fashion-muslim-hijab-instan,,2026-03-15T02:55:17.000Z
55e11b0f-c70f-4483-acb9-dd4d747ca687,Fashion Muslim Hijab Segi Empat,fashion-muslim-hijab-segi-empat,,2026-03-15T02:55:17.000Z
17ab30e9-334e-4164-a8c9-5129bf1b6ca8,Fashion Muslim Kaftan,fashion-muslim-kaftan,,2026-03-15T02:55:17.000Z
d0559c04-0f8c-4120-97b5-545d1c71fc47,Fashion Muslim Mukena,fashion-muslim-mukena,,2026-03-15T02:55:17.000Z
62e71601-536a-4862-bf7f-f73025965bd2,Fashion Muslim Pashmina,fashion-muslim-pashmina,,2026-03-15T02:55:17.000Z
7d86a92a-351b-4128-b0f5-b2a174686e9a,Fashion Muslim Rok,fashion-muslim-rok,,2026-03-15T02:55:17.000Z
d7138d6c-6858-403b-8f97-75e391e01562,Fashion Muslim Sajadah,fashion-muslim-sajadah,,2026-03-15T02:55:17.000Z
96e45fc4-7684-4a62-be93-b6b92c26962e,Fashion Muslim Sarung,fashion-muslim-sarung,,2026-03-15T02:55:17.000Z
fcf6ef80-2b9a-4d68-9ae2-22d3021482ed,Fashion Muslim Tunik,fashion-muslim-tunik,,2026-03-15T02:55:17.000Z
bf55068f-8725-4f67-ad66-6329b2347bca,Fashion Pria Batik Kemeja,fashion-pria-batik-kemeja,,2026-03-15T02:55:17.000Z
0530a865-2ec5-40b1-8535-b6b203e0a721,Fashion Pria Blazer,fashion-pria-blazer,,2026-03-15T02:55:17.000Z
c841522f-12d3-47c5-ad07-acd72f2e0daa,Fashion Pria Boots,fashion-pria-boots,,2026-03-15T02:55:17.000Z
e7fb002f-a78c-4b5e-968c-16d62f44f8de,Fashion Pria Cardigan,fashion-pria-cardigan,,2026-03-15T02:55:17.000Z
c92e2647-e3e2-41a8-b3b4-91d5f35a709c,Fashion Pria Celana Cargo,fashion-pria-celana-cargo,,2026-03-15T02:55:17.000Z
cd9e3875-255e-4194-805a-5b5135a5a6ec,Fashion Pria Celana Chino,fashion-pria-celana-chino,,2026-03-15T02:55:17.000Z
9019aa2e-4d64-461e-99f4-8146c94f00e1,Fashion Pria Celana Dalam,fashion-pria-celana-dalam,,2026-03-15T02:55:17.000Z
397f7b90-4661-4cec-8ec6-4df5890282d4,Fashion Pria Celana Jogger,fashion-pria-celana-jogger,,2026-03-15T02:55:17.000Z
89cc50b7-9a4a-4a91-b313-f38a5180301f,Fashion Pria Celana Pendek,fashion-pria-celana-pendek,,2026-03-15T02:55:17.000Z
96d12007-c603-4e5d-9ff2-c034770e3da0,Fashion Pria Dompet,fashion-pria-dompet,,2026-03-15T02:55:17.000Z
1080a9b3-b65a-4b91-b8d4-97a9bd8b063b,Fashion Pria Hoodie,fashion-pria-hoodie,,2026-03-15T02:55:17.000Z
270062b9-2106-4b09-87af-417a8b9e67d1,Fashion Pria Ikat Pinggang,fashion-pria-ikat-pinggang,,2026-03-15T02:55:17.000Z
f59b7689-5319-4a46-9746-48ca27310271,Fashion Pria Jaket,fashion-pria-jaket,,2026-03-15T02:55:17.000Z
f3d60a33-425d-4b44-a5a4-87d37caec6b9,Fashion Pria Jas,fashion-pria-jas,,2026-03-15T02:55:17.000Z
4c75fbc3-9a5f-4d8f-a00f-35979e556974,Fashion Pria Jeans,fashion-pria-jeans,,2026-03-15T02:55:17.000Z
9c89fa58-b7ab-4752-9657-5f74eedc911e,Fashion Pria Kaos,fashion-pria-kaos,,2026-03-15T02:55:17.000Z
350a0d11-6383-40fe-8de7-a6845cadaa5f,Fashion Pria Kemeja,fashion-pria-kemeja,,2026-03-15T02:55:17.000Z
ceee647d-6c19-4db1-9228-fff9cc1fa7c6,Fashion Pria Loafers,fashion-pria-loafers,,2026-03-15T02:55:17.000Z
ba61460e-fb78-4641-aec8-2148fec8f78e,Fashion Pria Sandal,fashion-pria-sandal,,2026-03-15T02:55:17.000Z
b9c45806-dfbe-4048-bc22-5cc7c1d0304e,Fashion Pria Sneakers,fashion-pria-sneakers,,2026-03-15T02:55:17.000Z
7f2ad647-673b-4e2b-916c-8a5e1d0a5a6c,Fashion Pria Tas Ransel,fashion-pria-tas-ransel,,2026-03-15T02:55:17.000Z
f8b00622-b951-465d-bd9f-41ac8845ffef,Fashion Pria Tas Selempang,fashion-pria-tas-selempang,,2026-03-15T02:55:17.000Z
f1f9376e-139d-4aa4-9f38-34cd93f6a791,Fashion Pria Topi Baseball,fashion-pria-topi-baseball,,2026-03-15T02:55:17.000Z
49dfa8a7-8c7d-4fe3-bf94-d92bc07bafaa,Fashion Seragam Atasan,fashion-seragam-atasan,,2026-03-15T02:55:17.000Z
16de01bb-385f-4111-b4d5-676b4bdf1f73,Fashion Seragam Bawahan,fashion-seragam-bawahan,,2026-03-15T02:55:17.000Z
c4cae295-888a-4670-95b8-ab3aba527b6d,Fashion Wanita Anting,fashion-wanita-anting,,2026-03-15T02:55:17.000Z
227cc017-918d-4e4c-8d8a-91835a796cc8,Fashion Wanita Blazer,fashion-wanita-blazer,,2026-03-15T02:55:17.000Z
2b331808-5f7f-4e2b-8fd9-ed4e983543b8,Fashion Wanita Blouse,fashion-wanita-blouse,,2026-03-15T02:55:17.000Z
f53f90ac-6ee5-4cd8-a2eb-92e0cdef55dc,Fashion Wanita Boots,fashion-wanita-boots,,2026-03-15T02:55:17.000Z
339dd47b-865d-4554-83a5-48612226b3ad,Fashion Wanita Bra,fashion-wanita-bra,,2026-03-15T02:55:17.000Z
6bc30547-ce10-4b0c-8197-900608c41e91,Fashion Wanita Cardigan,fashion-wanita-cardigan,,2026-03-15T02:55:17.000Z
f48c116b-3674-434a-a64e-e27cf56800ad,Fashion Wanita Celana Dalam,fashion-wanita-celana-dalam,,2026-03-15T02:55:17.000Z
b8c7af96-d7c0-4259-9506-64c2cf1b4701,Fashion Wanita Celana Kulot,fashion-wanita-celana-kulot,,2026-03-15T02:55:17.000Z
929fb5e4-b1ef-452f-86d0-279b6063f575,Fashion Wanita Celana Panjang,fashion-wanita-celana-panjang,,2026-03-15T02:55:17.000Z
28817368-3c9e-415b-af16-920279c3c619,Fashion Wanita Celana Pendek,fashion-wanita-celana-pendek,,2026-03-15T02:55:17.000Z
30886ae3-7446-4559-8cf6-4a5362c5f315,Fashion Wanita Crop Top,fashion-wanita-crop-top,,2026-03-15T02:55:17.000Z
73b9445c-1d7c-490e-9bf1-16f15559faab,Fashion Wanita Dompet,fashion-wanita-dompet,,2026-03-15T02:55:17.000Z
63acffe4-2726-4716-9e53-1ec481a4a2fb,Fashion Wanita Flat Shoes,fashion-wanita-flat-shoes,,2026-03-15T02:55:17.000Z
b39c3991-a32e-4a18-915a-18c1199aa0f7,Fashion Wanita Gelang,fashion-wanita-gelang,,2026-03-15T02:55:17.000Z
2dd0f2ec-bffd-4cc3-a9a3-275362078be1,Fashion Wanita Handbag,fashion-wanita-handbag,,2026-03-15T02:55:17.000Z
87192636-75d6-495b-b4db-b6ba9528649d,Fashion Wanita Heels,fashion-wanita-heels,,2026-03-15T02:55:17.000Z
953b13db-cf72-4f22-b132-9e5d6182d0cc,Fashion Wanita Hoodie,fashion-wanita-hoodie,,2026-03-15T02:55:17.000Z
e38f01cb-eb26-4ffb-86b1-b8a722221aa7,Fashion Wanita Jeans,fashion-wanita-jeans,,2026-03-15T02:55:17.000Z
b5f31ffa-96cb-481e-9107-104f35f19b4c,Fashion Wanita Kalung,fashion-wanita-kalung,,2026-03-15T02:55:17.000Z
cc143c3d-3a73-4550-a4a1-00f23755c3f1,Fashion Wanita Kaos,fashion-wanita-kaos,,2026-03-15T02:55:17.000Z
357c16e7-4213-4e12-a824-fccab99b1be3,Fashion Wanita Kebaya Brukat,fashion-wanita-kebaya-brukat,,2026-03-15T02:55:17.000Z
75465772-aad0-4d6c-b84a-bdbab81bb6ef,Fashion Wanita Kemeja,fashion-wanita-kemeja,,2026-03-15T02:55:17.000Z
e4c2a801-0cf0-4888-803f-530d6a563f84,Fashion Wanita Legging,fashion-wanita-legging,,2026-03-15T02:55:17.000Z
f28c0abf-04b6-4e90-82fe-60af0d0d30ee,Fashion Wanita Maxi Dress,fashion-wanita-maxi-dress,,2026-03-15T02:55:17.000Z
fe2dc1eb-3f95-4426-bcf4-2445babb6c74,Fashion Wanita Midi Dress,fashion-wanita-midi-dress,,2026-03-15T02:55:17.000Z
24e23cf1-6fc5-4fdd-b941-c16e900ae57e,Fashion Wanita Mini Dress,fashion-wanita-mini-dress,,2026-03-15T02:55:17.000Z
52f0ceb3-2096-4bf2-bb42-1583104c2d57,Fashion Wanita Rok,fashion-wanita-rok,,2026-03-15T02:55:17.000Z
6323b339-768e-4b18-a7f9-534187defa6d,Fashion Wanita Sandal,fashion-wanita-sandal,,2026-03-15T02:55:17.000Z
0fa411f0-5701-4220-9bba-a9133bf65fa4,Fashion Wanita Sneakers,fashion-wanita-sneakers,,2026-03-15T02:55:17.000Z
f916f135-1ea5-4ee2-a3c3-f1b3d31073bd,Fashion Wanita Tank Top,fashion-wanita-tank-top,,2026-03-15T02:55:17.000Z
4e00a98a-1f6e-4045-a944-b94461af6dce,Fashion Wanita Tas Ransel,fashion-wanita-tas-ransel,,2026-03-15T02:55:17.000Z
4cff28f4-5f5d-4509-b6fa-a13c60689d6f,Fashion Wanita Tas Selempang,fashion-wanita-tas-selempang,,2026-03-15T02:55:17.000Z
dfafae1b-158f-4353-bd39-0aa63ecc1ff2,Fashion Wanita Tote,fashion-wanita-tote,,2026-03-15T02:55:17.000Z
8acae7de-0756-4045-b52c-d8637b4e5f74,Film Alat Musik Tradisional,film-alat-musik-tradisional,,2026-03-15T02:55:17.000Z
06513441-bd43-4a7f-ac78-f0799bd36c8a,Film Bass Elektrik,film-bass-elektrik,,2026-03-15T02:55:17.000Z
b30cb21a-21a4-4977-8c55-85cbe9c56ac5,Film Drum Elektrik,film-drum-elektrik,,2026-03-15T02:55:17.000Z
52b64d21-e227-49df-9b2c-8822945fb494,Film Drum Pad,film-drum-pad,,2026-03-15T02:55:17.000Z
12ce2ada-de3b-40e6-8c8a-83a2785a55ac,Film Gitar Akustik,film-gitar-akustik,,2026-03-15T02:55:17.000Z
2c22f799-c639-4483-b1fd-b88d7b9c5558,Film Gitar Elektrik,film-gitar-elektrik,,2026-03-15T02:55:17.000Z
6be518cd-0fea-40c9-ab21-24f6763426e6,Film Keyboard,film-keyboard,,2026-03-15T02:55:17.000Z
a7d27cb1-0d8a-484a-a964-943021eacbbb,Film Piano Elektrik,film-piano-elektrik,,2026-03-15T02:55:17.000Z
b976ce51-0f73-4999-bec0-b965f6e0738f,Film Ukulele,film-ukulele,,2026-03-15T02:55:17.000Z
6e694e97-3320-4e9c-9947-43fe6f95b3f2,Gaming Aksesoris Casing,gaming-aksesoris-casing,,2026-03-15T02:55:17.000Z
3e4a0e0b-0d24-46aa-a734-daed5301e07a,Gaming Aksesoris Joystick,gaming-aksesoris-joystick,,2026-03-15T02:55:17.000Z
d929dd46-ae4c-43d5-84ea-5b0035b4ed60,Gaming Nintendo,gaming-nintendo,,2026-03-15T02:55:17.000Z
c5b53bdb-12af-4e31-8319-e1b5073d2f12,Gaming Playstation,gaming-playstation,,2026-03-15T02:55:17.000Z
8cf5218d-5de3-4823-9f0c-36cb123b8da2,Gaming Xbox,gaming-xbox,,2026-03-15T02:55:17.000Z
00e9db4d-25b9-405f-9c0f-6505bdd3201b,Hp Aksesoris Charger,hp-aksesoris-charger,,2026-03-15T02:55:17.000Z
81eedd08-b8da-4ff8-b11c-f83ce969786a,Hp Aksesoris Hardcase,hp-aksesoris-hardcase,,2026-03-15T02:55:17.000Z
fd7d2cbd-b103-4e01-88f5-2e6e7538663b,Hp Aksesoris Holder,hp-aksesoris-holder,,2026-03-15T02:55:17.000Z
454ae43f-084a-4211-910e-489f368491c5,Hp Aksesoris Kabel Data,hp-aksesoris-kabel-data,,2026-03-15T02:55:17.000Z
7a2d40de-13de-4ad6-a90f-30bebcb4e7e8,Hp Aksesoris Screen Protector,hp-aksesoris-screen-protector,,2026-03-15T02:55:17.000Z
0eedde6d-9342-4d19-a156-aba90311a569,Hp Aksesoris Softcase,hp-aksesoris-softcase,,2026-03-15T02:55:17.000Z
42cd3365-8c44-44e6-bb51-ce59cdf38dcd,Hp Android,hp-android,,2026-03-15T02:55:17.000Z
ec659dc7-a47f-4fa9-a4a9-589c6d9d318e,Hp Ios,hp-ios,,2026-03-15T02:55:17.000Z
249dec25-3d20-42f5-bd24-6ed37d44a9cc,Hp Powerbank,hp-powerbank,,2026-03-15T02:55:17.000Z
299bfc29-f420-42cc-912c-f51a6f6ad160,Kamera 360,kamera-360,,2026-03-15T02:55:17.000Z
ede7a472-31f8-48cb-912c-82ad1b097ac3,Kamera Action Camera,kamera-action-camera,,2026-03-15T02:55:17.000Z
02c9c79b-8061-4005-b1f8-3cb4d2b72d9e,Kamera Cctv,kamera-cctv,,2026-03-15T02:55:17.000Z
8ed77c55-bde5-4cef-916b-41286b7d8289,Kamera Dslr,kamera-dslr,,2026-03-15T02:55:17.000Z
1918dbd8-a169-4937-b5be-cc52e1bd6481,Kamera Instan Printer,kamera-instan-printer,,2026-03-15T02:55:17.000Z
818b3363-864a-4a91-bd1d-007bae3ba57f,Kamera Ip,kamera-ip,,2026-03-15T02:55:17.000Z
03d4fb75-e854-4db2-8b5a-a98cbf6e5126,Kamera Mirrorless,kamera-mirrorless,,2026-03-15T02:55:17.000Z
362a33a2-4f4a-40dd-a842-b91b3fdc09c3,Kamera Pocket,kamera-pocket,,2026-03-15T02:55:17.000Z
3d3842a1-a8f2-4493-a5fb-00804f1e438b,Kamera Spy,kamera-spy,,2026-03-15T02:55:17.000Z
f4606d5b-b182-4060-b0bd-e0e6e5086437,Komik Anak,komik-anak,,2026-03-15T02:55:17.000Z
28399ed4-5210-436f-a375-78ab76dcfb60,Komik Manga,komik-manga,,2026-03-15T02:55:17.000Z
7e158bc3-c11d-4c84-8bbf-62a111e02f27,Lensa Kamera,lensa-kamera,,2026-03-15T02:55:17.000Z
223227cb-8194-4059-9aa3-894242100c18,Lighting Flash Kamera,lighting-flash-kamera,,2026-03-15T02:55:17.000Z
cd72d67b-208b-4c1c-bb53-8c21c22bdd25,Lighting Ring Light,lighting-ring-light,,2026-03-15T02:55:17.000Z
576aa6c6-b722-4a3b-b0cb-203f169c00d8,Novel Fantasi,novel-fantasi,,2026-03-15T02:55:17.000Z
f6bf0e96-f402-432a-9815-b14030cef5f1,Novel Indonesia,novel-indonesia,,2026-03-15T02:55:17.000Z
bd396873-8833-4e47-a1bc-970fc16ccda2,Novel Misteri,novel-misteri,,2026-03-15T02:55:17.000Z
c82435c5-1783-49d9-bcb3-0b5a78ddccc0,Novel Roman,novel-roman,,2026-03-15T02:55:17.000Z
2bfddfd8-3601-4ca0-8488-ef1e49f8524f,Novel Terjemahan,novel-terjemahan,,2026-03-15T02:55:17.000Z
45aeeee8-bfbd-4106-a64e-66354cb97994,Tablet Android,tablet-android,,2026-03-15T02:55:17.000Z
fe3e5fbc-17d0-49ed-9439-512e88f0022a,Tablet Ios,tablet-ios,,2026-03-15T02:55:17.000Z
